reviewer,review1,review2
klberdelle,JefferyBA,zezhi994
bosea3000,zhangx21,zhianwang
chrisbunker,zhuyunning,zezhi994
abhinav-91,JingningLi,zhangx21
choen51,zzq126,zoeyxrz
Dmiger,xinyicoco,sofiadu
sofiadu,kamran1310,leolz7012
leeeyler,choen51,zzq126
BF1103,Coraxin,zhuyunning
KBFitzgerald,Bobo1980,jdh8v
flhuihui1001,Bobo1980,YataoLu
divyagorwara,jdh8v,leolz7012
Yuanjing-Han,leeeyler,euhwang
jdh8v,bosea3000,Coraxin
euhwang,xinyiwang306,pat2701
naveenim,JefferyBA,yang127
JingningLi,zhianwang,bosea3000
leolz7012,abhinav-91,divyagorwara
xinyicoco,kamran1310,euhwang
YataoLu,soominpark,Dmiger
LingyaoMeng,Coraxin,zoeyxrz
rithvikmundra,chrisbunker,qyw0
cathniu7,atalapatra,klberdelle
soominpark,Yuanjing-Han,Qinhui-Xu
kamran1310,xinyiwang306,Dmiger
amroxas,divyagorwara,choen51
shiyoudan,KBFitzgerald,GSZHU
pat2701,GSZHU,Yuanjing-Han
atalapatra,flhuihui1001,naveenim
qyw0,chrisbunker,BF1103
xinyiwang306,amroxas,shiyoudan
zhianwang,syyang0119,rithvikmundra
mwiener09,abhinav-91,BF1103
Qinhui-Xu,KBFitzgerald,syyang0119
syyang0119,Qinhui-Xu,xinyicoco
yang127,YataoLu,rithvikmundra
Coraxin,amroxas,mwiener09
Bobo1980,sofiadu,shiyoudan
zhangx21,cathniu7,pat2701
yingzhang2016@gwu.edu,cathniu7,zhengweifz
zoeyxrz,flhuihui1001,LingyaoMeng
JefferyBA,LingyaoMeng,atalapatra
twbzheng,mwiener09,naveenim
zhengweifz,yang127,soominpark
zezhi994,JingningLi,zhengweifz
GSZHU,qyw0,klberdelle
zhuyunning,twbzheng,yingzhang2016@gwu.edu
zzq126,twbzheng,yingzhang2016@gwu.edu
