{
"name": "Whiskas" ,
"variables": [
"chicken" ,
"beef" ,
"mutton" ,
"rice" ,
"wheat" ,
"gel"
],
"objCoeffs": [
0.013 ,
0.008 ,
0.01 ,
0.002 ,
0.005 ,
0.001
],
"objective": "MIN" ,
"LHS": {
"percentage": [
1.00 ,
1.00 ,
1.00 ,
1.00 ,
1.00 ,
1.00
],
"protein": [
0.10 ,
0.20 ,
0.15 ,
0.00 ,
0.04 ,
0.00
],
"fat": [
0.08 ,
0.10 ,
0.11 ,
0.01 ,
0.01 ,
0.00
],
"fiber": [
0.001 ,
0.005 ,
0.003 ,
0.100 ,
0.150 ,
0.000
],
"salt": [
0.002 ,
0.005 ,
0.007 ,
0.002 ,
0.008 ,
0.000
]
},
"conditions": {
"percentage": "==" ,
"protein": ">=" ,
"fat": ">=" ,
"fiber": "<=" ,
"salt": "<="
},
"RHS": {
"percentage": 100 ,
"protein": 8 ,
"fat": 6 ,
"fiber": 2 ,
"salt": 0.4
}
}