,Movie Name,Rating
0,Guardians of the Galaxy,8.1
1,Interstellar,8.6
2,The Guest,6.7
3,Gone Girl,8.1
4,The Imitation Game,8.1
5,Whiplash,8.5
6,Captain America: The Winter Soldier,7.8
7,Kingsman: The Secret Service,7.7
8,Edge of Tomorrow,7.9
9,Fury,7.6
10,John Wick,7.2
11,X-Men: Days of Future Past,8.0
12,Ouija,4.4
13,The Grand Budapest Hotel,8.1
14,The Amazing Spider-Man 2,6.7
15,The Theory of Everything,7.7
16,The Equalizer,7.2
17,A Million Ways to Die in the West,6.1
18,The Maze Runner,6.8
19,Divergent,6.7
20,Big Eyes,7.0
21,Birdman or (The Unexpected Virtue of Ignorance),7.8
22,300: Rise of an Empire,6.2
23,The Lego Movie,7.8
24,The Hobbit: The Battle of the Five Armies,7.4
25,It Follows,6.9
26,Into the Woods,6.0
27,"Love, Rosie",7.2
28,American Sniper,7.3
29,Nightcrawler,7.9
30,Dawn of the Planet of the Apes,7.6
31,Lucy,6.4
32,The Babadook,6.8
33,Maleficent,7.0
34,Big Hero 6,7.9
35,The Giver,6.5
36,The Fault in Our Stars,7.8
37,The Purge: Anarchy,6.5
38,Sin City: A Dame to Kill For,6.5
39,Transformers: Age of Extinction,5.7
40,The Hunger Games: Mockingjay - Part 1,6.7
41,Teenage Mutant Ninja Turtles,5.9
42,This Is Where I Leave You,6.6
43,Hercules,6.0
44,Predestination,7.4
45,Godzilla,6.5
46,Unbroken,7.2
47,Boyhood,7.9
48,Neighbors,6.4
49,The Book of Life,7.3
50,Exodus: Gods and Kings,6.1
51,The Best of Me,6.7
52,The Expendables 3,6.1
53,Inherent Vice,6.7
54,The November Man,6.3
55,Dracula Untold,6.3
56,Tammy,4.9
57,What We Do in the Shadows,7.6
58,Non-Stop,7.0
59,Relatos salvajes,8.1
60,La belle et la bête,6.4
61,Vampire Academy,5.6
62,Chef,7.3
63,How to Train Your Dragon 2,7.9
64,Need for Speed,6.5
65,The Interview,6.6
66,I Origins,7.3
67,Blended,6.5
68,The Other Woman,6.0
69,Sex Tape,5.1
70,Before We Go,6.9
71,The Hundred-Foot Journey,7.3
72,Noah,5.8
73,Seventh Son,5.5
74,The Loft,6.3
75,If I Stay,6.8
76,22 Jump Street,7.1
77,Jack Ryan: Shadow Recruit,6.2
78,That Awkward Moment,6.2
79,The Judge,7.4
80,Girl House,5.5
81,Night at the Museum 3,6.2
82,Wild,7.1
83,Annie,5.3
84,Transcendence,6.3
85,The Salvation,6.8
86,The Drop,7.1
87,Taken 3,6.0
88,Horrible Bosses 2,6.3
89,Testament of Youth,7.3
90,St. Vincent,7.3
91,Winter's Tale,6.2
92,Deliver Us from Evil,6.2
93,Tusk,5.4
94,Selma,7.5
95,Let's Be Cops,6.5
96,Clown,5.7
97,Annabelle,5.4
98,The Water Diviner,7.1
99,The Voices,6.3
100,Foxcatcher,7.0
101,The Monuments Men,6.1
102,Step Up All In,6.0
103,"As Above, So Below",6.2
104,Still Alice,7.5
105,Stonehearst Asylum,6.8
106,Magic in the Moonlight,6.6
107,Unfriended,5.7
108,3 Days to Kill,6.2
109,Pompeii,5.6
110,In Your Eyes,7.1
111,A Brilliant Young Mind,7.2
112,Paddington,7.2
113,The Boxtrolls,6.8
114,Song of the Sea,8.2
115,Serena,5.4
116,Endless Love,6.3
117,Two Night Stand,6.4
118,Suite Française,6.9
119,Fasandræberne,7.1
120,Left Behind,3.1
121,Goodnight Mommy,6.7
122,Before I Go to Sleep,6.3
123,RoboCop,6.2
124,Wrong Turn 6: Last Resort,4.3
125,The Raid 2,8.0
126,Dumb and Dumber To,5.7
127,The Riot Club,6.0
128,Pride,7.8
129,A Walk Among the Tombstones,6.5
130,She's Funny That Way,6.2
131,Cake,6.4
132,99 Homes,7.1
133,The Captive,5.9
134,Mommy,8.1
135,The Cobbler,5.8
136,Time Lapse,6.5
137,A Most Violent Year,7.0
138,A Most Wanted Man,6.8
139,A Girl Walks Home Alone at Night,7.0
140,Penguins of Madagascar,6.7
141,The Gambler,6.0
142,Pawn Sacrifice,7.0
143,No Good Deed,5.6
144,Beyond the Lights,6.9
145,Laggies,6.4
146,Love & Mercy,7.4
147,"Men, Women & Children",6.7
148,Barefoot,6.6
149,Lost River,5.8
150,Jersey Boys,6.8
151,White Bird in a Blizzard,6.4
152,Who Am I - Kein System ist sicher,7.6
153,Kill the Messenger,7.0
154,Kite,4.4
155,Cold in July,6.8
156,Black Sea,6.4
157,Cooties,5.6
158,Frank,7.0
159,Into the Storm,5.8
160,Hector and the Search for Happiness,7.0
161,Ride Along,6.2
162,Escobar: Paradise Lost,6.6
163,The Homesman,6.6
164,"I, Frankenstein",5.1
165,Ask Me Anything,6.0
166,Son of a Gun,6.5
167,God's Not Dead,4.9
168,Creep,6.2
169,The Anomaly,4.8
170,"Alexander and the Terrible, Horrible, No Good, Very Bad Day",6.2
171,Behaving Badly,4.4
172,Twin Peaks: The Missing Pieces,8.3
173,The Dark Horse,7.6
174,The Signal,6.1
175,Kilo Two Bravo,7.1
176,Playing It Cool,6.0
177,Sabotage,5.7
178,Addicted,5.2
179,'71,7.2
180,Princess,6.0
181,The Taking of Deborah Logan,6.0
182,A Little Chaos,6.5
183,Don't Blink,4.8
184,Automata,6.1
185,La isla mínima,7.3
186,Maps to the Stars,6.2
187,Good Kill,6.4
188,Life After Beth,5.6
189,The Legend of Hercules,4.2
190,Veronica Mars,6.8
191,Calvary,7.4
192,The Pyramid,4.6
193,The Last Five Years,5.9
194,Burying the Ex,5.4
195,The Little Death,7.1
196,Clouds of Sils Maria,6.8
197,Rio 2,6.4
198,Saving Christmas,1.5
199,Lullaby,6.2
200,While We're Young,6.3
201,Top Five,6.5
202,Big Game,5.4
203,Honeytrap,5.6
204,You're Not You,7.4
205,Wolves,5.3
206,Rudderless,7.5
207,Honeymoon,5.6
208,El Niño,6.5
209,PK,8.2
210,5 to 7,7.1
211,Reasonable Doubt,5.7
212,Wish I Was Here,6.7
213,Brick Mansions,5.7
214,Search Party,5.6
215,Walk of Shame,6.0
216,Rage,5.0
217,The Prince,4.6
218,Draft Day,6.8
219,Outcast,4.6
220,Comet,6.7
221,Some Kind of Beautiful,5.8
222,Xi you ji: Da nao tian gong,4.8
223,Ocho apellidos vascos,6.6
224,Camp X-Ray,7.0
225,Everly,5.1
226,Trash,7.2
227,Queen & Country,6.3
228,Jessabelle,5.4
229,The Face of an Angel,4.6
230,Premature,5.8
231,Leviathan,7.6
232,Mr. Peabody & Sherman,6.9
233,Dying of the Light,4.4
234,Lap Dance,5.6
235,Stretch,6.5
236,Kill Me Three Times,5.9
237,Monsters: Dark Continent,4.3
238,The Skeleton Twins,6.8
239,The Nut Job,5.8
240,The Woman in Black 2: Angel of Death,4.9
241,Viy,5.4
242,Last Shift,5.7
243,Kis Uykusu,8.2
244,The Keeping Room,6.0
245,Dear White People,6.3
246,Housebound,6.8
247,American Heist,5.2
248,The Disappearance of Eleanor Rigby: Them,6.3
249,Moms' Night Out,5.4
250,The Two Faces of January,6.2
251,Shinya shokudô,7.2
252,Plemya,7.1
253,School Dance,4.6
254,Just Before I Go,6.4
255,Chaar Sahibzaade,8.6
256,The Forger,5.7
257,Starry Eyes,6.0
258,About Last Night,6.1
259,The Good Lie,7.4
260,Qu'est-ce qu'on a fait au Bon Dieu?,7.0
261,A Long Way Down,6.4
262,Zombeavers,4.8
263,Mr. Turner,6.8
264,Infinitely Polar Bear,7.0
265,Perfect Sisters,5.6
266,Free the Nipple,3.8
267,Northmen - A Viking Saga,5.3
268,The Inbetweeners 2,6.5
269,13 Sins,6.3
270,Omoide no Mânî,7.8
271,The Duke of Burgundy,6.7
272,Im Labyrinth des Schweigens,7.3
273,Madame Bovary,5.7
274,Shelter,6.4
275,Think Like a Man Too,5.7
276,"Deux jours, une nuit",7.4
277,What We Did on Our Holiday,6.9
278,The Angriest Man in Brooklyn,5.7
279,Grace of Monaco,5.7
280,Get on Up,6.9
281,A Haunted House 2,4.7
282,Black or White,6.6
283,Wildlike,6.6
284,Every Secret Thing,6.1
285,The Bag Man,5.3
286,They Came Together,5.5
287,Loin des hommes,7.3
288,Død snø 2,7.0
289,Muppets Most Wanted,6.4
290,We Still Kill the Old Way,6.0
291,Cuban Fury,6.2
292,The Rover,6.4
293,Heaven Is for Real,5.8
294,Spring,6.7
295,Backcountry,6.0
296,Something Wicked,4.8
297,Million Dollar Arm,7.0
298,God's Pocket,6.1
299,Kristy,5.9
300,The One I Love,7.1
301,Turist,7.3
302,The Hungover Games,3.7
303,Paranormal Activity: The Marked Ones,5.0
304,The Quiet Ones,5.1
305,Poker Night,6.3
306,Sex Ed,5.6
307,Welcome to Me,5.9
308,Obvious Child,6.8
309,Boy Meets Girl,7.1
310,The Humbling,5.6
311,The Last Survivors,5.3
312,Torrente V: Misión Eurovegas,5.4
313,Rosewater,6.6
314,Kid Cannabis,6.4
315,Flight 7500,4.9
316,When the Game Stands Tall,6.7
317,The Falling,5.5
318,The Rewrite,6.2
319,Expelled,5.0
320,Open Windows,5.2
321,Beyond the Reach,5.6
322,Live Nude Girls,4.1
323,Rob the Mob,6.3
324,Hoje Eu Quero Voltar Sozinho,8.0
325,Anatomy of a Love Seen,5.0
326,Kraftidioten,7.2
327,Song One,5.8
328,Happy Christmas,5.6
329,Planes: Fire & Rescue,6.0
330,And So It Goes,5.8
331,Mythica: A Quest for Heroes,6.5
332,Good People,5.5
333,Wyrmwood: Road of the Dead,6.3
334,"Like Sunday, Like Rain",6.9
335,Mune: Guardian of the Moon,7.3
336,Dark Was the Night,5.6
337,The Town That Dreaded Sundown,5.6
338,Miss Julie,5.6
339,Cut Bank,6.0
340,The Remaining,4.3
341,The Road Within,7.1
342,Bang Bang,5.5
343,A Good Marriage,5.2
344,Phoenix,7.3
345,Skin Trade,5.7
346,Manglehorn,5.6
347,Cymbeline,3.8
348,Mercy,5.0
349,Christian Mingle,4.3
350,Christian Mingle,4.3
351,Ho ching 2,4.7
352,Before I Disappear,7.2
353,Effie Gray,5.9
354,Earth to Echo,5.8
355,The Longest Week,5.4
356,Jamesy Boy,6.3
357,Bachelor Night,3.4
358,Julia,4.5
359,Life Partners,6.2
360,In the Blood,5.8
361,The Houses October Built,5.1
362,23 Blast,6.4
363,La famille Bélier,7.4
364,Second Coming,5.2
365,Nanny Cam,5.7
366,I Believe in Unicorns,6.3
367,Charlie's Farm,4.6
368,Jackie & Ryan,5.8
369,Aloft,5.3
370,Big Stone Gap,5.6
371,Learning to Drive,6.4
372,Fehér isten,6.9
373,Paper Planes,6.2
374,Reach Me,4.9
375,Walking on Sunshine,5.3
376,Amorous,4.5
377,Love Is Strange,6.7
378,Adult Beginners,5.6
379,Young Ones,5.9
380,Son of God,5.6
381,Viharsarok,6.9
382,5 Flights Up,6.1
383,Extraterrestrial,5.0
384,Gemma Bovery,6.4
385,Robot Overlords,4.6
386,Date and Switch,5.8
387,Bad Country,5.8
388,Falcon Rising,5.8
389,Das finstere Tal,7.2
390,Black Mountain Side,4.8
391,Boulevard,5.8
392,Appropriate Behavior,6.7
393,[REC] 4: Apocalypse,5.4
394,A Merry Friggin' Christmas,5.1
395,Suburban Gothic,5.6
396,Plastic,6.0
397,Yi ge ren de wu lin,6.5
398,Across the Sea,6.1
399,The Admiral,7.1
400,About Alex,6.4
401,Theeb,7.3
402,Time Out of Mind,5.7
403,The Canal,5.9
404,Jimmy's Hall,6.7
405,De behandeling,7.2
406,Bad Johnson,4.5
407,Santa Con,6.2
408,Mockingbird,4.1
409,Cabin Fever: Patient Zero,4.5
410,Jarhead 2: Field of Fire,5.5
411,Jamie Marks Is Dead,5.6
412,The Single Moms Club,5.2
413,V/H/S Viral,4.2
414,The Prophet,7.1
415,Balls Out,4.4
416,Timbuktu,7.2
417,Flying Home,6.2
418,God Help the Girl,6.4
419,Supremacy,5.6
420,Across the Sea,6.1
421,Swelter,4.6
422,The Sisterhood of Night,6.3
423,Deadly Daycare,5.0
424,Haider,8.2
425,Miss Meadows,5.7
426,Authors Anonymous,4.3
427,Cut Snake,5.7
428,Animal,4.8
429,East Side Sushi,7.3
430,Debug,4.3
431,Yves Saint Laurent,6.2
432,Better Living Through Chemistry,6.3
433,Jauja,6.4
434,The Brittany Murphy Story,3.4
435,Bang Bang Baby,5.3
436,Redirected,6.7
437,From the Dark,4.8
438,Devil's Due,4.1
439,See No Evil 2,4.8
440,Hear My Song,6.7
441,Samba,6.7
442,Dolphin Tale 2,6.4
443,Copenhagen,7.2
444,Space Station 76,4.9
445,Dumbbells,3.5
446,Exists,5.2
447,En duva satt på en gren och funderade på tillvaron,7.0
448,Panzehir,7.3
449,Welp,5.9
450,Welp,5.9
451,Saint Laurent,6.1
452,Hard to Get,7.8
453,Let Us Prey,5.7
454,Blind,7.0
455,Bing feng: Chong sheng zhi men,4.8
456,An Evergreen Christmas,5.8
457,Mega Shark vs. Mecha Shark,2.6
458,Take Care,6.1
459,Pasolini,5.7
460,Goodbye to All That,5.2
461,U-neun nam-ja,6.8
462,Sister,7.0
463,ABCs of Death 2,5.5
464,Cuatro lunas,7.4
465,The Connection,7.1
466,Ride,5.7
467,Swearnet: The Movie,6.3
468,My Old Lady,6.3
469,H.,6.3
470,Teen Lust,4.7
471,By the Gun,4.8
472,Amnesiac,4.3
473,En chance til,6.8
474,Indigenous,5.2
475,Let's Kill Ward's Wife,5.4
476,Mercenaries,3.7
477,Tom Sawyer & Huckleberry Finn,5.3
478,Rurôni Kenshin: Kyôto taika-hen,7.7
479,The Search,6.8
480,Eden,6.4
481,The Guvnors,5.8
482,Road to Paloma,6.1
483,The Blood Lands,4.7
484,Styria,6.8
485,The Song,6.0
486,The Last: Naruto the Movie,7.8
487,Faults,6.7
488,Percentage,4.9
489,Respire,7.1
490,Når dyrene drømmer,5.8
491,Happy New Year,5.3
492,The Dead Lands,6.3
493,Reclaim,5.1
494,At the Devil's Door,4.8
495,Little Accidents,5.8
496,Une nouvelle amie,6.5
497,Against the Sun,6.5
498,The Devil's Hand,4.9
499,Where Hope Grows,6.5
500,The Devil's Hand,4.9
501,Where Hope Grows,6.5
502,Closer to the Moon,7.1
503,Dead on Campus,5.0
504,Out of the Dark,4.7
505,Dukhtar,7.1
506,We'll Never Have Paris,4.6
507,Rampage: Capital Punishment,6.3
508,Get Santa,6.2
509,Asthma,5.9
510,The Assault,6.4
511,Sugar Daddies,5.2
512,Angry Video Game Nerd: The Movie,5.8
513,Parts Per Billion,4.3
514,7 Minutes,5.0
515,My Little Pony: Equestria Girls - Rainbow Rocks,7.2
516,Lovesick,5.1
517,4 Minute Mile,6.3
518,Frontera,6.6
519,Buttwhistle,4.4
520,Helicopter Mom,6.6
521,The Trip to Italy,6.6
522,Fort Bliss,6.4
523,Phantom Halo,5.2
524,Full Love,7.5
525,Atlas Shrugged: Who Is John Galt?,4.4
526,X/Y,4.3
527,Astérix: Le domaine des dieux,7.0
528,Welcome to New York,5.4
529,Disaster L.A.,3.5
530,Heaven Knows What,6.4
531,Dark Hearts,4.4
532,Pojken med guldbyxorna,5.3
533,Field of Lost Shoes,5.7
534,Jinn,4.2
535,Gukjesijang,7.7
536,"Kumiko, the Treasure Hunter",6.6
537,WolfCop,5.5
538,The Ever After,6.8
539,Listening,5.6
540,The Fool,8.0
541,The Opposite Sex,4.6
542,Serial Killer 1,6.6
543,Alien Outpost,4.7
544,The Stranger,4.9
545,Someone Marry Barry,5.9
546,Por un puñado de besos,6.4
547,The Games Maker,5.6
548,Deep in the Darkness,4.7
549,The Calling,5.8
550,Altar,5.6
551,Highway,7.6
552,Bande de filles,6.9
553,Huang feihong zhi yingxiong you meng,6.5
554,Revenge of the Green Dragons,5.3
555,"Rio, I Love You",5.2
556,Sleeping Beauty,2.7
557,Kkeut-kka-ji-gan-da,7.2
558,Mary Kom,6.8
559,Parts Per Billion,4.3
560,Hungry Hearts,6.4
561,The Beat Beneath My Feet,6.5
562,La chambre bleue,6.3
563,Da Sweet Blood of Jesus,4.0
564,Julia,4.5
565,Tell,5.6
566,Le meraviglie,6.7
567,10.0 Earthquake,3.6
568,Innocence,4.6
569,Survivor,4.1
570,It's Not a Date,4.9
571,Alex of Venice,5.8
572,"Nativity 3: Dude, Where's My Donkey?!",3.6
573,Desert Dancer,6.0
574,The Journey Home,6.1
575,Leprechaun: Origins,3.3
576,The Silent Storm,5.0
577,Ned Rifle,6.3
578,Come Back to Me,5.9
579,The Possession of Michael King,5.7
580,Svenskjävel,6.4
581,Madea's Neighbors from Hell,4.0
582,Freezer,5.2
583,All Relative,5.4
584,Garm Wars: The Last Druid,4.8
585,The Wedding Pact,3.7
586,Liz in September,5.6
587,Kicking Out Shoshana,5.6
588,The Identical,5.1
589,United Passions,2.0
590,A Matter of Faith,3.2
591,Alien Abduction,4.8
592,Saphirblau,6.5
593,Late Phases,5.9
594,Not Cool,5.1
595,Dukhtar,7.1
596,Mamula,4.1
597,Glassland,6.0
598,Preservation,4.7
599,John Doe: Vigilante,6.6
600,The Pact II,4.4
601,Break Point,6.0
602,Gett,7.7
603,The Perfect Wave,4.7
604,LA Apocalypse,2.3
605,10.0 Earthquake,3.6
606,The Young Kieslowski,6.8
607,The Smell of Us,5.1
608,Margarita with a Straw,7.3
609,Don't Look Back,5.7
610,Blood Ransom,6.7
611,The Lookalike,5.8
612,10.000 Km,6.7
613,Rurôni Kenshin: Densetsu no saigo-hen,7.6
614,I Survived a Zombie Holocaust,5.0
615,Beautiful Girl,5.2
616,Mrs. Brown's Boys D'Movie,4.2
617,The Barber,5.9
618,Hits,5.8
619,California Scheming,3.6
620,The Zombie Horror Picture Show,6.7
621,She's Lost Control,5.3
622,Northern Soul,6.4
623,Lucky Bastard,4.4
624,Maya the Bee Movie,6.0
625,Lost in the White City,6.2
626,Stage Fright,5.2
627,Listen Up Philip,6.3
628,A escondidas,7.2
629,The 11th Hour,5.2
630,Low Down,6.1
631,Heavenly Sword,5.3
632,Romeo and Juliet,5.5
633,The Coed and the Zombie Stoner,3.6
634,Hellion,6.1
635,Freedom,6.2
636,The Redwood Massacre,3.6
637,Appleseed Alpha,6.6
638,The Cut,6.2
639,Saints and Soldiers: The Void,5.2
640,Réalité,6.9
641,Hit by Lightning,5.1
642,Dinosaur Island,3.5
643,Cesar Chavez,6.4
644,Ironclad: Battle for Blood,4.3
645,William Kelly's War,6.5
646,Don Peyote,3.7
647,Jersey Shore Massacre,2.9
648,Kelly & Cal,6.2
649,Turkey Shoot,3.6
650,Tokyo Tribe,6.4
651,I Am Soldier,4.6
652,2047: Sights of Death,2.5
653,My Mistress,5.4
654,Jack Strong,7.2
655,Perdona si te llamo amor,6.6
656,Drive Hard,4.3
657,Going to America,6.8
658,Cat Run 2,4.4
659,Match,6.7
660,Gun Woman,4.7
661,Magical Girl,7.2
662,Les combattants,6.7
663,The Formula,2.6
664,Scintilla,4.6
665,Electric Slide,4.7
666,Børning,6.3
667,Ventos de Agosto,6.3
668,Smetto quando voglio,7.0
669,Fratelli unici,5.4
670,Elsa & Fred,6.5
671,Dr. Cabbie,6.5
672,You & I,5.8
673,Le règne de la beauté,5.5
674,Deeper: The Retribution of Beth,4.7
675,Killers,6.5
676,Eat,4.9
677,Nightingale,6.4
678,Hate Story 2,4.5
679,Free Fall,4.4
680,Crossed the Line,8.4
681,Babysitting,6.7
682,Su-sang-han geu-nyeo,7.3
683,Tiger Orange,6.7
684,Sous les jupes des filles,5.3
685,Tu veux... ou tu veux pas?,5.3
686,Hyena,6.2
687,Bai ri yan huo,6.6
688,Small Town Santa,3.9
689,Mountain Men,5.9
690,Catch Hell,5.4
691,Not Safe for Work,5.8
692,Head Full of Honey,6.7
693,Reaper,4.9
694,Gutshot Straight,3.8
695,Mantervention,4.7
696,Allies,5.1
697,The Letters,5.8
698,Khoobsurat,6.4
699,Coming In,5.7
700,Coming In,5.7
701,Casa Grande,7.1
702,Bloedlink,6.1
703,Emulsion,7.9
704,Affluenza,4.8
705,50 to 1,6.6
706,Mutant World,2.8
707,Pernicious,4.8
708,Redeemer,5.3
709,Une rencontre,6.3
710,Starving in Suburbia,6.3
711,The Last Straight Man,6.2
712,Bangalore Days,8.3
713,The Mirror,4.3
714,Noble,6.7
715,Beyond,3.9
716,Boys of Abu Ghraib,5.4
717,Ardor,5.0
718,Days and Nights,4.7
719,The Crossing,6.1
720,Musarañas,6.7
721,Dance-Off,4.8
722,Digging Up the Marrow,5.8
723,The 10 Year Plan,6.3
724,Le dernier diamant,6.3
725,The Midnight Swim,5.2
726,Infiltrant,6.0
727,"Christmas, Again",6.5
728,Oorlogsgeheimen,7.1
729,A Fighting Man,5.6
730,Bai fa mo nu zhuan zhi ming yue tian guo,5.2
731,The Black Water Vampire,4.2
732,Ghost of Goodnight Lane,4.4
733,Senki szigete,5.5
734,Zhì qu weihu shan,6.5
735,After the Fall,5.2
736,The Frame,6.8
737,October Gale,5.2
738,Supercondriaque,6.0
739,"Dude, Where's My Dog?!",3.3
740,Urok,7.3
741,Postman Pat: The Movie,4.6
742,Blood Punch,6.8
743,Colt 45,5.7
744,México Bárbaro,4.9
745,Child of Grace,7.0
746,Cantinflas,6.6
747,Loitering with Intent,4.6
748,Back in the Day,5.0
749,The Christmas Dragon,4.6
750,The Better Angels,6.1
751,Revelation Road: The Black Rider,5.9
752,El club de los incomprendidos,5.7
753,Muffin Top: A Love Story,5.0
754,1 - Nenokkadine,8.5
755,Avis de mistral,6.6
756,Gunday,2.0
757,4:48,5.6
758,Blackbird,5.5
759,Güeros,7.5
760,NightLights,7.9
761,The Extendables,4.2
762,Tapped Out,5.4
763,The Christmas Switch,6.2
764,Resan till Fjäderkungens Rike,6.1
765,Merry Ex-Mas,4.3
766,Bullet,4.7
767,Montana,5.5
768,Camp Takota,7.0
769,Isabelle Dances Into the Spotlight,5.7
770,After Midnight,2.5
771,Unutursam Fisilda,7.5
772,In the Name of the King: The Last Mission,3.2
773,Posthumous,5.7
774,Bird People,6.1
775,Lilting,7.2
776,Amira & Sam,6.2
777,Leading Lady,5.9
778,Red Sky,4.1
779,Haemoo,6.9
780,Two Men in Town,5.6
781,Santa Claws,3.1
782,Spud 3: Learning to Fly,6.0
783,Lust for Love,5.8
784,Angels in Stardust,5.3
785,Love by Design,5.8
786,Dakota's Summer,5.7
787,The Editor,6.1
788,Tokyo Fiancée,6.4
789,The Surface,4.7
790,Snezhnaya koroleva 2. Perezamorozka,6.3
791,Wiplala,6.1
792,Titli,7.6
793,Holiday,7.4
794,Anime nere,6.8
795,The Reconstruction of William Zero,5.4
796,Girl on a Train,0
797,Tutta colpa di Freud,6.4
798,The Tempest,8.5
799,Kaakkaa Muttai,8.6
800,Eat with Me,6.8
801,Hungerford,4.1
802,Girltrash: All Night Long,6.5
803,Kiss Me,7.1
804,Kuroshitsuji,6.3
805,Dawn Patrol,4.8
806,Jason Nash Is Married,5.1
807,A Little Game,6.5
808,Happy Ending,5.5
809,Dohee-ya,7.0
810,Ek Villain,6.4
811,Cam2Cam,3.7
812,3 coeurs,5.9
813,Inner Demons,5.2
814,Billy Elliot,8.6
815,Xenia,6.8
816,Sins of Our Youth,7.2
817,Kundo: Min-ran-eui si-dae,6.8
818,Always Woodstock,5.3
819,1001 Gram,6.4
820,Animals,6.2
821,Killing Winston Jones,0
822,The Mummy Resurrected,1.9
823,Diplomatie,7.1
824,Fort Tilden,5.4
825,Kreuzweg,7.5
826,Blackbird,5.5
827,Murder of a Cat,5.3
828,Closer to God,4.6
829,Road to your Heart,6.7
830,Words with Gods,7.3
831,Allende en su laberinto,5.5
832,Difret,6.7
833,The Drownsman,4.1
834,Set Fire to the Stars,5.7
835,The Fluffy Movie: Unity Through Laughter,7.2
836,Liebe mich!,5.6
837,A Cry from Within,3.7
838,The Hooligan Factory,4.8
839,The Silent Mountain,5.4
840,The President,7.4
841,Finding Fanny,5.9
842,Ragini MMS 2,3.9
843,Tajja: Sineui son,6.9
844,Pek Yakinda,7.8
845,Amor de mis amores,6.2
846,Trailer Park Boys: Don't Legalize It,7.5
847,Alléluia,6.2
848,Itirazim Var,8.1
849,Main Tera Hero,5.3
850,Old Fashioned,5.3
851,The Unwanted,3.8
852,Set Fire to the Stars,5.7
853,Shigatsu wa kimi no uso,8.0
854,Blackwood,5.3
855,In-gan-jung-dok,6.1
856,Pro Wrestlers vs Zombies,3.6
857,Call Girl of Cthulhu,4.6
858,2 States,6.9
859,La dictadura perfecta,7.3
860,Haunted,4.7
861,Horsehead,4.9
862,Healing,6.7
863,Breaking the Bank,4.7
864,My Man Is a Loser,4.3
865,Teacher of the Year,5.4
866,Rastres de sàndal,6.7
867,All the Wilderness,5.8
868,"En, to, tresomt",5.2
869,Down Dog,5.4
870,Praia do Futuro,6.1
871,A Belle for Christmas,6.1
872,Space Trucker Bruce,5.0
873,Das Zimmermädchen Lynn,6.1
874,Preggoland,5.6
875,Doublegangers,1.8
876,10 Things I Hate About Life,7.3
877,Deadly Virtues: Love.Honour.Obey.,4.8
878,Grace,4.8
879,Dragon Nest: Warriors' Dawn,6.4
880,Incompresa,6.7
881,The Lost Legion,2.9
882,Abducted,3.7
883,Psychopath,6.3
884,Coffee Shop,6.0
885,Persecuted,3.6
886,Rupan sansei,5.5
887,Mall,5.1
888,"Bro, What Happened?",3.2
889,Kick,5.5
890,Land Ho!,5.9
891,Zero Motivation,7.4
892,Ghost in the Shell Arise: Border 3 - Ghost Tears,7.3
893,Another World,5.8
894,Asylum,2.5
895,Touched by Grace,7.9
896,Red Butterfly,6.0
897,The Perfect Husband,5.3
898,Bhopal: A Prayer for Rain,7.4
899,Starship: Rising,2.1
900,The Boxcar Children,6.8
901,Rise,5.4
902,Devil's Tower,3.3
903,Bonobo,6.3
904,A Midsummer Night's Dream,7.7
905,Convict,5.2
906,Lomasankarit,5.1
907,American Muscle,4.1
908,American Guinea Pig: Bouquet of Guts and Gore,4.4
909,Monty Python Live (Mostly),7.7
910,L'homme qu'on aimait trop,6.1
911,Among Ravens,4.9
912,Chauranga,6.8
913,À coup sûr,4.7
914,"Hello, My Name Is Frank",6.3
915,Lost Time,2.8
916,The Hero of Color City,4.1
917,Starship: Rising,2.1
918,Shi cheng,3.9
919,El incidente,6.5
920,Algorithm,4.8
921,Still,5.3
922,Hai-hil,6.6
923,Treehouse,3.8
924,Puncture Wounds,4.3
925,Growing Up and Other Lies,4.6
926,Une heure de tranquillité,5.6
927,Missing William,6.4
928,Warsaw '44,6.7
929,Kiseijuu,7.0
930,Aux yeux des vivants,5.3
931,The David Dance,8.1
932,The Goob,5.7
933,"10,000 Days",2.7
934,Redlands,5.8
935,Beloved Sisters,6.1
936,Way of the Wicked,3.9
937,Cam Girl,4.2
938,The Scarehouse,4.6
939,BFFs,5.4
940,Standby,5.8
941,Apartment Troubles,4.3
942,He Who Dares,2.9
943,The Blackout,5.1
944,Ardennes Fury,2.2
945,April Rain,2.9
946,Von Mädchen und Pferden,5.4
947,The Ganzfeld Haunting,3.1
948,Kawaki,6.6
949,Dead Sea,3.9
950,The Maid,7.1
951,Unknown Caller,4.1
952,Compound Fracture,4.4
953,Death Do Us Part,4.3
954,A Blast,5.9
955,Bikini Swamp Girl Massacre,4.1
956,Starve,4.7
957,One Eyed Girl,6.7
958,My Trip Back to the Dark Side,4.6
959,Ungli,5.8
960,The Bunnyman Massacre,4.3
961,Hin und weg,7.3
962,Another,2.8
963,Tormented,4.7
964,Singham Returns,5.7
965,CityLights,7.2
966,The Seventh Dwarf,4.7
967,Attack on Titan Crimson Bow and Arrow,7.5
968,Extinction,3.3
969,The Blue Elephant,8.3
970,Sand Castles,7.0
971,Last Weekend,5.4
972,Gold,6.1
973,Kenau,6.5
974,Top Dog,5.0
975,3 Nights in the Desert,5.9
976,Glass Chin,5.5
977,Hangar 10,3.6
978,Black Coffee,5.7
979,Vonarstræti,7.4
980,Echoes,4.4
981,Misfire,3.3
982,Gabriel,6.4
983,Barbecue,6.1
984,Ejecta,3.7
985,One Shot,3.6
986,Kuime,6.1
987,Vincent n'a pas d'écailles,6.2
988,Blood Moon,4.5
989,Quiero ser fiel,5.7
990,Crazed,5.1
991,Hasee Toh Phasee,6.9
992,Shockwave Darkside,2.1
993,Echo Park,6.1
994,The Reckoning,5.5
995,Action Jackson,3.3
996,Heropanti,5.3
997,Gloria,6.5
998,The Living,6.2
999,La prochaine fois je viserai le coeur,6.4
