<?xml version="1.0" encoding="UTF-8"?><_ROOT_ EMVERSION="14.1" ORIENTATION="HORIZONTAL">
<Workspace>
<NODES>
<NODE CLASS="SASHELP.EMCORE.EXTENSION.CLASS" COMPONENT="Binning" ID="BINNING" X="660" Y="165" DESCRIPTION="Bin Categorical Missing" DIAGRAMID="_ROOT_" PARENTID="" TOOLTYPE="MODIFY" TOOLPREFIX="BINNING">
<PROPERTIES Location="CATALOG" Catalog="SASHELP.EMMDFY.BINNING.SOURCE" MissingAsLevel="Y" ApplyLevelRule="N" BinMethod="QUANTILE" NumBins="4" Freeze="N" CreateGrouping="N" CreateMethod="OVERWRITE" ImportGrouping="N" VarSelMethod="GINI" GiniCutoff="5.0" GrpMsmnt="ORDINAL" MaxVar="10" ClassGroupRare="Y" GroupCutoff="0.5" INTTARGETMETHOD="CUTMEAN" USERCUTVALUE="0.20" RejectIntTarget="N" ForceRun="N" RunAction="Train" Component="Binning" Precision="2" ImportData="" GroupMissing="N" DataNeeded="Y">
<VariableProperties/>
<EmTargetAttributes/>
<EmVariableAttributes>
<DELTA Variable="REP_home_ownership" AttributeName="USE" AttributeValue="Y"/>
<DELTA Variable="_dataobs_" AttributeName="USE" AttributeValue="N"/>
<DELTA Variable="addr_state" AttributeName="USE" AttributeValue="Y"/>
<DELTA Variable="annual_inc" AttributeName="USE" AttributeValue="N"/>
<DELTA Variable="delinq_2yrs" AttributeName="USE" AttributeValue="N"/>
<DELTA Variable="dti" AttributeName="USE" AttributeValue="N"/>
<DELTA Variable="emp_length" AttributeName="USE" AttributeValue="N"/>
<DELTA Variable="home_ownership" AttributeName="USE" AttributeValue="N"/>
<DELTA Variable="id" AttributeName="USE" AttributeValue="N"/>
<DELTA Variable="int_rate" AttributeName="USE" AttributeValue="N"/>
<DELTA Variable="loan_amnt" AttributeName="USE" AttributeValue="N"/>
<DELTA Variable="longest_credit_length" AttributeName="USE" AttributeValue="N"/>
<DELTA Variable="purpose" AttributeName="USE" AttributeValue="Y"/>
<DELTA Variable="revol_util" AttributeName="USE" AttributeValue="N"/>
<DELTA Variable="term_length" AttributeName="USE" AttributeValue="N"/>
<DELTA Variable="total_acc" AttributeName="USE" AttributeValue="N"/>
<DELTA Variable="verification_status" AttributeName="USE" AttributeValue="Y"/>
</EmVariableAttributes>
<EmFileProperties>
<USERTRAINCODE Type="EXTERNAL" Extension="sas">
<Data/>
</USERTRAINCODE>
<EMNOTES Type="EXTERNAL" Extension="txt">
<Data/>
</EMNOTES>
</EmFileProperties>
</PROPERTIES>
</NODE>
<NODE CLASS="SASHELP.EMCORE.EXTENSION.CLASS" COMPONENT="DMDB" ID="DMDB" X="1254" Y="99" DESCRIPTION="Check for Missing" DIAGRAMID="_ROOT_" PARENTID="" TOOLTYPE="EXPLORE" TOOLPREFIX="DMDB">
<PROPERTIES Location="CATALOG" Catalog="SASHELP.EMEXPL.DMDB.SOURCE" Interval="Y" Class="Y" MaxValues="25" ForceRun="N" RunAction="Train" Component="DMDB" DataNeeded="Y">
<VariableProperties/>
<EmTargetAttributes/>
<EmFileProperties>
<USERTRAINCODE Type="EXTERNAL" Extension="sas">
<Data/>
</USERTRAINCODE>
<EMNOTES Type="EXTERNAL" Extension="txt">
<Data/>
</EMNOTES>
</EmFileProperties>
</PROPERTIES>
</NODE>
<NODE CLASS="SASHELP.EMCORE.EXTENSION.CLASS" COMPONENT="DMDB" ID="DMDB2" X="1452" Y="66" DESCRIPTION="Check All Vars" DIAGRAMID="_ROOT_" PARENTID="" TOOLTYPE="EXPLORE" TOOLPREFIX="DMDB">
<PROPERTIES Location="CATALOG" Catalog="SASHELP.EMEXPL.DMDB.SOURCE" Interval="Y" Class="Y" MaxValues="25" ForceRun="N" RunAction="Train" Component="DMDB" DataNeeded="Y">
<VariableProperties/>
<EmTargetAttributes/>
<EmFileProperties>
<USERTRAINCODE Type="EXTERNAL" Extension="sas">
<Data/>
</USERTRAINCODE>
<EMNOTES Type="EXTERNAL" Extension="txt">
<Data/>
</EMNOTES>
</EmFileProperties>
</PROPERTIES>
</NODE>
<NODE CLASS="SASHELP.EMSAMP.IDS.CLASS" COMPONENT="DataSource" ID="Ids" X="1650" Y="198" DESCRIPTION="LOANS" DIAGRAMID="_ROOT_" PARENTID="" TOOLTYPE="SAMPLE" TOOLPREFIX="Ids">
<PROPERTIES DataSource="loans" Scope="LOCAL" Role="SCORE" Library="LOAN" Table="LOANS" NCols="16" NObs="163987" NBytes="23725056" Segment="" DataSourceRole="RAW" OutputType="VIEW" ForceRun="N" ComputeStatistics="N" DataSelection="DATASOURCE" NewTable="" MetaAdvisor="BASIC" ApplyIntervalLevelLowerLimit="Y" IntervalLowerLimit="20" ApplyMaxPercentMissing="Y" MaxPercentMissing="50" ApplyMaxClassLevels="Y" MaxClassLevels="20" IdentifyEmptyColumns="Y" VariableValidation="STRICT" NewVariableRole="REJECT" DropMapVariables="Y" DsId="loans" DsSampleName="" DsSampleSizeType="" DsSampleSize="" DsCreatedBy="jphall0" DsCreateDate="1803766235.3" DsModifiedBy="jphall0" DsModifyDate="1803766235.4" DsScope="LOCAL" Sample="D" SampleSizeType="PERCENT" SampleSizePercent="20" SampleSizeObs="10000" DBPassThrough="Y" RunAction="Train" Component="DataSource" Description="">
<VariableProperties/>
<EmVariableAttributes>
<DELTA Variable="bad_loan" AttributeName="ROLE" AttributeValue="TARGET"/>
<DELTA Variable="verification_status" AttributeName="LEVEL" AttributeValue="BINARY"/>
</EmVariableAttributes>
<EmTargetAttributes/>
<EmFileProperties>
<EMNOTES Type="EXTERNAL" Extension="txt">
<Data/>
</EMNOTES>
</EmFileProperties>
</PROPERTIES>
</NODE>
<NODE CLASS="SASHELP.EMSAMP.IDS.CLASS" COMPONENT="DataSource" ID="Ids3" X="66" Y="165" DESCRIPTION="LOANS" DIAGRAMID="_ROOT_" PARENTID="" TOOLTYPE="SAMPLE" TOOLPREFIX="Ids">
<PROPERTIES DataSource="loans" Scope="LOCAL" Role="RAW" Library="LOAN" Table="LOANS" NCols="16" NObs="163987" NBytes="23725056" Segment="" DataSourceRole="RAW" OutputType="VIEW" ForceRun="N" ComputeStatistics="N" DataSelection="DATASOURCE" NewTable="" MetaAdvisor="BASIC" ApplyIntervalLevelLowerLimit="Y" IntervalLowerLimit="20" ApplyMaxPercentMissing="Y" MaxPercentMissing="50" ApplyMaxClassLevels="Y" MaxClassLevels="20" IdentifyEmptyColumns="Y" VariableValidation="STRICT" NewVariableRole="REJECT" DropMapVariables="Y" DsId="loans" DsSampleName="" DsSampleSizeType="" DsSampleSize="" DsCreatedBy="jphall0" DsCreateDate="1803766235.3" DsModifiedBy="jphall0" DsModifyDate="1803766235.4" DsScope="LOCAL" Sample="D" SampleSizeType="PERCENT" SampleSizePercent="20" SampleSizeObs="10000" DBPassThrough="Y" RunAction="Train" Component="DataSource" Description="">
<VariableProperties/>
<EmVariableAttributes>
<DELTA Variable="bad_loan" AttributeName="ROLE" AttributeValue="TARGET"/>
<DELTA Variable="bad_loan" AttributeName="LEVEL" AttributeValue="BINARY"/>
<DELTA Variable="verification_status" AttributeName="LEVEL" AttributeValue="BINARY"/>
</EmVariableAttributes>
<EmTargetAttributes/>
<EmFileProperties>
<EMNOTES Type="EXTERNAL" Extension="txt">
<Data/>
</EMNOTES>
</EmFileProperties>
</PROPERTIES>
</NODE>
<NODE CLASS="SASHELP.EMMDFY.EMIMPUTE.CLASS" COMPONENT="Impute" ID="Impt" X="1056" Y="165" DESCRIPTION="Impute Numeric Missing" DIAGRAMID="_ROOT_" PARENTID="" TOOLTYPE="MODIFY" TOOLPREFIX="Impt">
<PROPERTIES MethodInterval="TREE" MethodClass="NONE" MethodTargetInterval="NONE" MethodTargetClass="NONE" ABWTuning="9" AHUBERTuning="1.5" AWAVETuning="6.2831853072" SpacingProportion="90" DefaultChar="" DefaultNum="." RandomSeed="12345" Normalize="Y" ImputeNoMissing="N" MaxPctMissing="50" ValidateTestMissing="N" DistributionMissing="N" LeafSize="5" Maxbranch="2" Maxdepth="6" MinCatSize="5" Nrules="5" Nsurrs="2" Splitsize="." Indicator="NONE" IndicatorRole="REJECTED" ReplaceVariable="N" HideVariable="Y" IndicatorSource="IMPUTED" ForceRun="N" RunAction="Train" Component="Impute">
<VariableProperties/>
<EmTargetAttributes/>
<EmVariableAttributes>
<DELTA Variable="GRP_REP_home_ownership" AttributeName="USE" AttributeValue="N"/>
<DELTA Variable="GRP_addr_state" AttributeName="USE" AttributeValue="N"/>
<DELTA Variable="GRP_purpose" AttributeName="USE" AttributeValue="N"/>
<DELTA Variable="GRP_verification_status" AttributeName="USE" AttributeValue="N"/>
<DELTA Variable="REP_annual_inc" AttributeName="USE" AttributeValue="Y"/>
<DELTA Variable="REP_delinq_2yrs" AttributeName="USE" AttributeValue="Y"/>
<DELTA Variable="REP_dti" AttributeName="USE" AttributeValue="Y"/>
<DELTA Variable="REP_emp_length" AttributeName="USE" AttributeValue="Y"/>
<DELTA Variable="REP_home_ownership" AttributeName="USE" AttributeValue="N"/>
<DELTA Variable="REP_int_rate" AttributeName="USE" AttributeValue="Y"/>
<DELTA Variable="REP_loan_amnt" AttributeName="USE" AttributeValue="Y"/>
<DELTA Variable="REP_longest_credit_length" AttributeName="USE" AttributeValue="Y"/>
<DELTA Variable="REP_revol_util" AttributeName="USE" AttributeValue="Y"/>
<DELTA Variable="REP_term_length" AttributeName="USE" AttributeValue="Y"/>
<DELTA Variable="REP_total_acc" AttributeName="USE" AttributeValue="Y"/>
<DELTA Variable="addr_state" AttributeName="USE" AttributeValue="N"/>
<DELTA Variable="annual_inc" AttributeName="USE" AttributeValue="N"/>
<DELTA Variable="bad_loan" AttributeName="USE" AttributeValue="N"/>
<DELTA Variable="delinq_2yrs" AttributeName="USE" AttributeValue="N"/>
<DELTA Variable="dti" AttributeName="USE" AttributeValue="N"/>
<DELTA Variable="emp_length" AttributeName="USE" AttributeValue="N"/>
<DELTA Variable="home_ownership" AttributeName="USE" AttributeValue="N"/>
<DELTA Variable="int_rate" AttributeName="USE" AttributeValue="N"/>
<DELTA Variable="loan_amnt" AttributeName="USE" AttributeValue="N"/>
<DELTA Variable="longest_credit_length" AttributeName="USE" AttributeValue="N"/>
<DELTA Variable="purpose" AttributeName="USE" AttributeValue="N"/>
<DELTA Variable="revol_util" AttributeName="USE" AttributeValue="N"/>
<DELTA Variable="term_length" AttributeName="USE" AttributeValue="N"/>
<DELTA Variable="total_acc" AttributeName="USE" AttributeValue="N"/>
<DELTA Variable="verification_status" AttributeName="USE" AttributeValue="N"/>
</EmVariableAttributes>
<EmFileProperties>
<EMNOTES Type="EXTERNAL" Extension="txt">
<Data/>
</EMNOTES>
</EmFileProperties>
</PROPERTIES>
</NODE>
<NODE CLASS="SASHELP.EMCORE.EXTENSION.CLASS" COMPONENT="LARS" ID="LARS" X="1452" Y="264" DESCRIPTION="P. Reg w/ data prep" DIAGRAMID="_ROOT_" PARENTID="" TOOLTYPE="MODEL" TOOLPREFIX="LARS">
<PROPERTIES Location="CATALOG" Catalog="SASHELP.EMMODL.LARS.SOURCE" SELMETHOD="LASSO" CHOOSECRIT="CV" STOPCRIT="MAXSTEPS" MAXSTEPS="200" DETAILS="Summary" CV="Random" FOLD="5" SEED="12345" EXCLUDEDVARS="Reject" INTERCEPT="Y" CLASSVAR="Y" ForceRun="N" RunAction="Train" Component="LARS" TOOLTYPE="MODEL">
<VariableProperties/>
<EmTargetAttributes>
<bad_loan>
<DecData Table="EMWS1.LARS_bad_loan_DD">
<Data>
<Obs BAD_LOAN="1" COUNT="12632" DATAPRIOR="0.1925785895" TRAINPRIOR="0.1925785895" DECPRIOR="." DECISION1="1" DECISION2="0"/>
<Obs BAD_LOAN="0" COUNT="52962" DATAPRIOR="0.8074214105" TRAINPRIOR="0.8074214105" DECPRIOR="." DECISION1="0" DECISION2="1"/>
</Data>
<Metadata>
<Variable NAME="bad_loan" LABEL="" LENGTH="32" FORMAT="" TYPE="C"/>
<Variable NAME="COUNT" LABEL="Level Counts" LENGTH="8" FORMAT="" TYPE="N"/>
<Variable NAME="DATAPRIOR" LABEL="Data Proportions" LENGTH="8" FORMAT="" TYPE="N"/>
<Variable NAME="TRAINPRIOR" LABEL="Training Proportions" LENGTH="8" FORMAT="" TYPE="N"/>
<Variable NAME="DECPRIOR" LABEL="Decision Priors" LENGTH="8" FORMAT="" TYPE="N"/>
<Variable NAME="DECISION1" LABEL="1" LENGTH="8" FORMAT="" TYPE="N"/>
<Variable NAME="DECISION2" LABEL="0" LENGTH="8" FORMAT="" TYPE="N"/>
</Metadata>
</DecData>
<DecMeta Table="EMWS1.LARS_bad_loan_DM">
<Data>
<Obs _TYPE_="MATRIX" VARIABLE="" LABEL="" LEVEL="PROFIT" EVENT="" ORDER="" FORMAT="" TYPE="" COST="" USE="N"/>
<Obs _TYPE_="TARGET" VARIABLE="bad_loan" LABEL="" LEVEL="BINARY" EVENT="1" ORDER="" FORMAT="BEST12.0" TYPE="N" COST="" USE=""/>
<Obs _TYPE_="DECISION" VARIABLE="DECISION1" LABEL="1" LEVEL="" EVENT="" ORDER="" FORMAT="" TYPE="N" COST="" USE="Y"/>
<Obs _TYPE_="DECISION" VARIABLE="DECISION2" LABEL="0" LEVEL="" EVENT="" ORDER="" FORMAT="" TYPE="N" COST="" USE="Y"/>
<Obs _TYPE_="DATAPRIOR" VARIABLE="DATAPRIOR" LABEL="Data Prior" LEVEL="" EVENT="" ORDER="" FORMAT="" TYPE="N" COST="" USE="N"/>
<Obs _TYPE_="TRAINPRIOR" VARIABLE="TRAINPRIOR" LABEL="Training Prior" LEVEL="" EVENT="" ORDER="" FORMAT="" TYPE="N" COST="" USE="N"/>
<Obs _TYPE_="DECPRIOR" VARIABLE="DECPRIOR" LABEL="Decision Prior" LEVEL="" EVENT="" ORDER="" FORMAT="" TYPE="N" COST="" USE="N"/>
<Obs _TYPE_="PREDICTED" VARIABLE="P_bad_loan1" LABEL="Predicted: bad_loan=1" LEVEL="1" EVENT="" ORDER="" FORMAT="" TYPE="N" COST="" USE=""/>
<Obs _TYPE_="RESIDUAL" VARIABLE="R_bad_loan1" LABEL="Residual: bad_loan=1" LEVEL="1" EVENT="" ORDER="" FORMAT="" TYPE="N" COST="" USE=""/>
<Obs _TYPE_="PREDICTED" VARIABLE="P_bad_loan0" LABEL="Predicted: bad_loan=0" LEVEL="0" EVENT="" ORDER="" FORMAT="" TYPE="N" COST="" USE=""/>
<Obs _TYPE_="RESIDUAL" VARIABLE="R_bad_loan0" LABEL="Residual: bad_loan=0" LEVEL="0" EVENT="" ORDER="" FORMAT="" TYPE="N" COST="" USE=""/>
<Obs _TYPE_="FROM" VARIABLE="F_bad_loan" LABEL="From: bad_loan" LEVEL="" EVENT="" ORDER="" FORMAT="" TYPE="C" COST="" USE=""/>
<Obs _TYPE_="INTO" VARIABLE="I_bad_loan" LABEL="Into: bad_loan" LEVEL="" EVENT="" ORDER="" FORMAT="" TYPE="C" COST="" USE=""/>
</Data>
<Metadata>
<Variable NAME="_TYPE_" LABEL="Type" LENGTH="32" FORMAT="" TYPE="C"/>
<Variable NAME="VARIABLE" LABEL="Variable" LENGTH="32" FORMAT="" TYPE="C"/>
<Variable NAME="LABEL" LABEL="Label" LENGTH="256" FORMAT="" TYPE="C"/>
<Variable NAME="LEVEL" LABEL="Measurement Level" LENGTH="32" FORMAT="" TYPE="C"/>
<Variable NAME="EVENT" LABEL="Target Event" LENGTH="32" FORMAT="" TYPE="C"/>
<Variable NAME="ORDER" LABEL="Order" LENGTH="10" FORMAT="" TYPE="C"/>
<Variable NAME="FORMAT" LABEL="Format" LENGTH="32" FORMAT="" TYPE="C"/>
<Variable NAME="TYPE" LABEL="Type" LENGTH="1" FORMAT="" TYPE="C"/>
<Variable NAME="COST" LABEL="Cost" LENGTH="32" FORMAT="" TYPE="C"/>
<Variable NAME="USE" LABEL="Use" LENGTH="1" FORMAT="" TYPE="C"/>
</Metadata>
</DecMeta>
</bad_loan>
</EmTargetAttributes>
<EmVariableAttributes/>
<EmFileProperties>
<USERTRAINCODE Type="EXTERNAL" Extension="sas">
<Data/>
</USERTRAINCODE>
<EMNOTES Type="EXTERNAL" Extension="txt">
<Data/>
</EMNOTES>
</EmFileProperties>
</PROPERTIES>
</NODE>
<NODE CLASS="SASHELP.EMASSMT.ASSESS.CLASS" COMPONENT="ModelCompare" ID="MdlComp" X="1650" Y="297" DESCRIPTION="Model Comparison" DIAGRAMID="_ROOT_" PARENTID="" TOOLTYPE="ASSESS" TOOLPREFIX="MdlComp">
<PROPERTIES NumberOfReportedLevels="1E-6" NormalizeReportingVariables="Y" DecileBin="20" LiftEpsilon="1E-6" ProfitEpsilon="1E-6" RoiEpsilon="1E-6" ScoreDistBin="20" RocChart="Y" RocEpsilon="0.01" AssessAllTargetLevels="N" SelectionData="DEFAULT" HPCriteria="DEFAULT" SelectionTable="VALIDATE" SelectionCriteria="_AUR_" SelectionDepth="10" NumberofBins="20" RecomputeAssess="N" TargetName="bad_loan" ModelId="Reg" ModelDescription="Reg w/ data prep" ModelCriteria="Valid: Roc Index" ForceRun="N" RunAction="Train" Component="ModelCompare" StatisticUsed="_VAUR_" TargetLabel="">
<VariableProperties/>
<EmTargetAttributes/>
<EmVariableAttributes/>
<EmFileProperties>
<EMNOTES Type="EXTERNAL" Extension="txt">
<Data/>
</EMNOTES>
</EmFileProperties>
</PROPERTIES>
</NODE>
<NODE CLASS="SASHELP.EMSAMP.EMDPART.CLASS" COMPONENT="Partition" ID="Part" X="462" Y="165" DESCRIPTION="Data Partition (2)" DIAGRAMID="_ROOT_" PARENTID="" TOOLTYPE="SAMPLE" TOOLPREFIX="Part">
<PROPERTIES Method="DEFAULT" TrainPct="40" ValidatePct="30" TestPct="30" RandomSeed="12345" OutputType="DATA" IntervalDistribution="Y" ClassDistribution="Y" ForceRun="N" RunAction="Train" Component="Partition">
<VariableProperties/>
<EmTargetAttributes/>
<EmVariableAttributes/>
<EmFileProperties>
<EMNOTES Type="EXTERNAL" Extension="txt">
<Data/>
</EMNOTES>
</EmFileProperties>
</PROPERTIES>
</NODE>
<NODE CLASS="SASHELP.EMMODL.REGRESSION.CLASS" COMPONENT="Regression" ID="Reg" X="1452" Y="165" DESCRIPTION="Reg w/ data prep" DIAGRAMID="_ROOT_" PARENTID="" TOOLTYPE="MODEL" TOOLPREFIX="Reg">
<PROPERTIES MainEffect="Y" TwoFactor="N" Polynomial="N" PolynomialDegree="3" Terms="N" Error="LOGISTIC" LinkFunction="LOGIT" SuppressIntercept="N" InputCoding="GLM" MinResourceUse="N" ModelSelection="FORWARD" SelectionCriterion="VERROR" SelectionDefault="Y" Sequential="N" SlEntry="0.05" SlStay="0.05" Start="0" Stop="0" Force="0" Hierarchy="CLASS" Rule="NONE" MaxStep="." StepOutput="N" OptimizationTechnique="DEFAULT" ModelDefaults="Y" MaxIterations="." MaxFunctionCalls="." MaxCPUTime="1 HOUR" ConvDefaults="Y" AbsConvValue="-1.34078E154" AbsFValue="0" AbsFTime="1" AbsGValue="0.00001" AbsGTime="1" AbsXValue="1E-8" AbsXTime="1" FConvValue="0" FConvTimes="1" GConvValue="1E-6" GConvTimes="1" ClParm="N" Covout="N" CovB="N" CorB="N" Simple="N" SuppressOutput="N" Details="N" PrintDesignMatrix="N" SASSPDS="N" Performance="N" ExcludedVariable="REJECT" ForceRun="N" RunAction="Train" Component="Regression" Interactions="">
<VariableProperties/>
<EmTargetAttributes>
<bad_loan>
<DecData Table="EMWS1.Reg_bad_loan_DD">
<Data>
<Obs BAD_LOAN="1" COUNT="12632" DATAPRIOR="0.1925785895" TRAINPRIOR="0.1925785895" DECPRIOR="." DECISION1="1" DECISION2="0"/>
<Obs BAD_LOAN="0" COUNT="52962" DATAPRIOR="0.8074214105" TRAINPRIOR="0.8074214105" DECPRIOR="." DECISION1="0" DECISION2="1"/>
</Data>
<Metadata>
<Variable NAME="bad_loan" LABEL="" LENGTH="32" FORMAT="" TYPE="C"/>
<Variable NAME="COUNT" LABEL="Level Counts" LENGTH="8" FORMAT="" TYPE="N"/>
<Variable NAME="DATAPRIOR" LABEL="Data Proportions" LENGTH="8" FORMAT="" TYPE="N"/>
<Variable NAME="TRAINPRIOR" LABEL="Training Proportions" LENGTH="8" FORMAT="" TYPE="N"/>
<Variable NAME="DECPRIOR" LABEL="Decision Priors" LENGTH="8" FORMAT="" TYPE="N"/>
<Variable NAME="DECISION1" LABEL="1" LENGTH="8" FORMAT="" TYPE="N"/>
<Variable NAME="DECISION2" LABEL="0" LENGTH="8" FORMAT="" TYPE="N"/>
</Metadata>
</DecData>
<DecMeta Table="EMWS1.Reg_bad_loan_DM">
<Data>
<Obs _TYPE_="MATRIX" VARIABLE="" LABEL="" LEVEL="PROFIT" EVENT="" ORDER="" FORMAT="" TYPE="" COST="" USE="N"/>
<Obs _TYPE_="TARGET" VARIABLE="bad_loan" LABEL="" LEVEL="BINARY" EVENT="1" ORDER="" FORMAT="BEST12.0" TYPE="N" COST="" USE=""/>
<Obs _TYPE_="DECISION" VARIABLE="DECISION1" LABEL="1" LEVEL="" EVENT="" ORDER="" FORMAT="" TYPE="N" COST="" USE="Y"/>
<Obs _TYPE_="DECISION" VARIABLE="DECISION2" LABEL="0" LEVEL="" EVENT="" ORDER="" FORMAT="" TYPE="N" COST="" USE="Y"/>
<Obs _TYPE_="DATAPRIOR" VARIABLE="DATAPRIOR" LABEL="Data Prior" LEVEL="" EVENT="" ORDER="" FORMAT="" TYPE="N" COST="" USE="N"/>
<Obs _TYPE_="TRAINPRIOR" VARIABLE="TRAINPRIOR" LABEL="Training Prior" LEVEL="" EVENT="" ORDER="" FORMAT="" TYPE="N" COST="" USE="N"/>
<Obs _TYPE_="DECPRIOR" VARIABLE="DECPRIOR" LABEL="Decision Prior" LEVEL="" EVENT="" ORDER="" FORMAT="" TYPE="N" COST="" USE="N"/>
<Obs _TYPE_="PREDICTED" VARIABLE="P_bad_loan1" LABEL="Predicted: bad_loan=1" LEVEL="1" EVENT="" ORDER="" FORMAT="" TYPE="N" COST="" USE=""/>
<Obs _TYPE_="RESIDUAL" VARIABLE="R_bad_loan1" LABEL="Residual: bad_loan=1" LEVEL="1" EVENT="" ORDER="" FORMAT="" TYPE="N" COST="" USE=""/>
<Obs _TYPE_="PREDICTED" VARIABLE="P_bad_loan0" LABEL="Predicted: bad_loan=0" LEVEL="0" EVENT="" ORDER="" FORMAT="" TYPE="N" COST="" USE=""/>
<Obs _TYPE_="RESIDUAL" VARIABLE="R_bad_loan0" LABEL="Residual: bad_loan=0" LEVEL="0" EVENT="" ORDER="" FORMAT="" TYPE="N" COST="" USE=""/>
<Obs _TYPE_="FROM" VARIABLE="F_bad_loan" LABEL="From: bad_loan" LEVEL="" EVENT="" ORDER="" FORMAT="" TYPE="C" COST="" USE=""/>
<Obs _TYPE_="INTO" VARIABLE="I_bad_loan" LABEL="Into: bad_loan" LEVEL="" EVENT="" ORDER="" FORMAT="" TYPE="C" COST="" USE=""/>
</Data>
<Metadata>
<Variable NAME="_TYPE_" LABEL="Type" LENGTH="32" FORMAT="" TYPE="C"/>
<Variable NAME="VARIABLE" LABEL="Variable" LENGTH="32" FORMAT="" TYPE="C"/>
<Variable NAME="LABEL" LABEL="Label" LENGTH="256" FORMAT="" TYPE="C"/>
<Variable NAME="LEVEL" LABEL="Measurement Level" LENGTH="32" FORMAT="" TYPE="C"/>
<Variable NAME="EVENT" LABEL="Target Event" LENGTH="32" FORMAT="" TYPE="C"/>
<Variable NAME="ORDER" LABEL="Order" LENGTH="10" FORMAT="" TYPE="C"/>
<Variable NAME="FORMAT" LABEL="Format" LENGTH="32" FORMAT="" TYPE="C"/>
<Variable NAME="TYPE" LABEL="Type" LENGTH="1" FORMAT="" TYPE="C"/>
<Variable NAME="COST" LABEL="Cost" LENGTH="32" FORMAT="" TYPE="C"/>
<Variable NAME="USE" LABEL="Use" LENGTH="1" FORMAT="" TYPE="C"/>
</Metadata>
</DecMeta>
</bad_loan>
</EmTargetAttributes>
<EmVariableAttributes/>
<EmFileProperties>
<EMNOTES Type="EXTERNAL" Extension="txt">
<Data/>
</EMNOTES>
</EmFileProperties>
</PROPERTIES>
</NODE>
<NODE CLASS="SASHELP.EMCORE.EXTENSION.CLASS" COMPONENT="Replace" ID="Repl" X="264" Y="165" DESCRIPTION="Replace home_ownership" DIAGRAMID="_ROOT_" PARENTID="" TOOLTYPE="MODIFY" TOOLPREFIX="Repl">
<PROPERTIES Location="CATALOG" Catalog="SASHELP.EMMDFY.REPLACE.SOURCE" HideVariable="N" UnknownLevel="NONE" ReplaceMethod="COMPUTED" CalcMethod="NONE" MADSCutoff="9.0" SpacingsCutoff="9.0" StddevCutoff="3.0" PercentsCutoff="0.5" CountReport="Y" ForceRun="N" RunAction="Train" Component="Replace" IntervalMethod="NONE" DataNeeded="Y">
<VariableProperties/>
<EmTargetAttributes/>
<EmVariableAttributes>
<DELTA Variable="bad_loan" AttributeName="CALCMETHOD" AttributeValue="DEFAULT"/>
</EmVariableAttributes>
<EmFileProperties>
<USERTRAINCODE Type="EXTERNAL" Extension="sas">
<Data/>
</USERTRAINCODE>
<NEWVALUES Type="DATA">
<Data>
<Obs NAME="addr_state" LEVEL="_UNKNOWN_" TYPE="C" REPLACE_VALUE="_DEFAULT_"/>
<Obs NAME="bad_loan" LEVEL="_UNKNOWN_" TYPE="N" REPLACE_VALUE="_DEFAULT_"/>
<Obs NAME="home_ownership" LEVEL="mortgage" TYPE="C" REPLACE_VALUE="MORTGAGE"/>
<Obs NAME="home_ownership" LEVEL="_UNKNOWN_" TYPE="C" REPLACE_VALUE="_DEFAULT_"/>
<Obs NAME="purpose" LEVEL="_UNKNOWN_" TYPE="C" REPLACE_VALUE="_DEFAULT_"/>
<Obs NAME="verification_status" LEVEL="_UNKNOWN_" TYPE="C" REPLACE_VALUE="_DEFAULT_"/>
</Data>
<Metadata>
<Variable NAME="Name" LABEL="Variable" LENGTH="32" FORMAT="" TYPE="C"/>
<Variable NAME="LEVEL" LABEL="Formatted Value" LENGTH="20" FORMAT="" TYPE="C"/>
<Variable NAME="TYPE" LABEL="Type" LENGTH="1" FORMAT="" TYPE="C"/>
<Variable NAME="REPLACE_VALUE" LABEL="Replacement Value" LENGTH="200" FORMAT="" TYPE="C"/>
</Metadata>
</NEWVALUES>
<EMNOTES Type="EXTERNAL" Extension="txt">
<Data/>
</EMNOTES>
</EmFileProperties>
</PROPERTIES>
</NODE>
<NODE CLASS="SASHELP.EMCORE.EXTENSION.CLASS" COMPONENT="Replace" ID="Repl2" X="858" Y="165" DESCRIPTION="Winsorise Numeric" DIAGRAMID="_ROOT_" PARENTID="" TOOLTYPE="MODIFY" TOOLPREFIX="Repl">
<PROPERTIES Location="CATALOG" Catalog="SASHELP.EMMDFY.REPLACE.SOURCE" HideVariable="N" UnknownLevel="NONE" ReplaceMethod="COMPUTED" CalcMethod="STDDEV" MADSCutoff="9.0" SpacingsCutoff="9.0" StddevCutoff="3.0" PercentsCutoff="0.5" CountReport="Y" ForceRun="N" RunAction="Train" Component="Replace" IntervalMethod="NONE" DataNeeded="Y">
<VariableProperties/>
<EmTargetAttributes/>
<EmVariableAttributes>
<DELTA Variable="bad_loan" AttributeName="CALCMETHOD" AttributeValue="DEFAULT"/>
</EmVariableAttributes>
<EmFileProperties>
<USERTRAINCODE Type="EXTERNAL" Extension="sas">
<Data/>
</USERTRAINCODE>
<NEWVALUES Type="DATA">
<Data>
<Obs NAME="GRP_REP_home_ownership" LEVEL="_UNKNOWN_" TYPE="N" REPLACE_VALUE="_DEFAULT_"/>
<Obs NAME="GRP_addr_state" LEVEL="_UNKNOWN_" TYPE="N" REPLACE_VALUE="_DEFAULT_"/>
<Obs NAME="GRP_purpose" LEVEL="_UNKNOWN_" TYPE="N" REPLACE_VALUE="_DEFAULT_"/>
<Obs NAME="GRP_verification_status" LEVEL="_UNKNOWN_" TYPE="N" REPLACE_VALUE="_DEFAULT_"/>
<Obs NAME="bad_loan" LEVEL="_UNKNOWN_" TYPE="N" REPLACE_VALUE="_DEFAULT_"/>
</Data>
<Metadata>
<Variable NAME="Name" LABEL="Variable" LENGTH="32" FORMAT="" TYPE="C"/>
<Variable NAME="LEVEL" LABEL="Formatted Value" LENGTH="12" FORMAT="" TYPE="C"/>
<Variable NAME="TYPE" LABEL="Type" LENGTH="1" FORMAT="" TYPE="C"/>
<Variable NAME="REPLACE_VALUE" LABEL="Replacement Value" LENGTH="200" FORMAT="" TYPE="C"/>
</Metadata>
</NEWVALUES>
<EMNOTES Type="EXTERNAL" Extension="txt">
<Data/>
</EMNOTES>
</EmFileProperties>
</PROPERTIES>
</NODE>
<NODE CLASS="SASHELP.EMUTIL.EMSCORE.CLASS" COMPONENT="Score" ID="Score" X="1848" Y="231" DESCRIPTION="Score" DIAGRAMID="_ROOT_" PARENTID="" TOOLTYPE="ASSESS" TOOLPREFIX="Score">
<PROPERTIES OutputType="VIEW" FixedOutputNames="Y" HideVariables="N" HideInput="Y" HideTarget="Y" HideRejected="Y" HideAssess="Y" HidePredict="Y" HideFreq="Y" HideClassification="Y" HideResidual="Y" HideOther="Y" ScoreValidate="N" ScoreTest="N" CScore="Y" JScore="Y" PackageName="DEFAULT" UserPackageName="" PreferenceName="" OptimizedCode="Y" GraphReports="Y" ForceRun="N" RunAction="Train" Component="Score">
<VariableProperties/>
<EmTargetAttributes/>
<EmVariableAttributes/>
<EmFileProperties>
<EMNOTES Type="EXTERNAL" Extension="txt">
<Data/>
</EMNOTES>
</EmFileProperties>
</PROPERTIES>
</NODE>
<NODE CLASS="SASHELP.EMMDFY.EMTRANS.CLASS" COMPONENT="Transform" ID="Trans" X="1254" Y="198" DESCRIPTION="Standardize Numeric" DIAGRAMID="_ROOT_" PARENTID="" TOOLTYPE="MODIFY" TOOLPREFIX="Trans">
<PROPERTIES DefaultMethod="STANDARDIZE" DefaultTargetMethod="NONE" DefaultClassMethod="NONE" DefaultClassTargetMethod="NONE" Offset="1" MinOffset="Y" HideVariable="Y" RejectVariable="Y" GroupCutoff="0.1" GroupMissing="N" EmRandomSeed="12345" EmSampleSize="DEFAULT" EmSampleMethod="RANDOM" MissingValue="USEINSEARCH" SummaryVariables="TRANSFORMED" SummaryStatistics="Y" UseMetaTransform="Y" MissingAsLevel="N" NumberofBins="VARIABLES" MaxOptimalBins="4" ForceRun="N" RunAction="Train" Component="Transform">
<VariableProperties/>
<EmTargetAttributes/>
<EmVariableAttributes>
<DELTA Variable="GRP_REP_home_ownership" AttributeName="METHOD" AttributeValue="NONE"/>
<DELTA Variable="GRP_addr_state" AttributeName="METHOD" AttributeValue="NONE"/>
<DELTA Variable="GRP_purpose" AttributeName="METHOD" AttributeValue="NONE"/>
<DELTA Variable="GRP_verification_status" AttributeName="METHOD" AttributeValue="NONE"/>
<DELTA Variable="IMP_REP_annual_inc" AttributeName="METHOD" AttributeValue="STANDARDIZE"/>
<DELTA Variable="IMP_REP_delinq_2yrs" AttributeName="METHOD" AttributeValue="STANDARDIZE"/>
<DELTA Variable="IMP_REP_dti" AttributeName="METHOD" AttributeValue="STANDARDIZE"/>
<DELTA Variable="IMP_REP_emp_length" AttributeName="METHOD" AttributeValue="STANDARDIZE"/>
<DELTA Variable="IMP_REP_int_rate" AttributeName="METHOD" AttributeValue="STANDARDIZE"/>
<DELTA Variable="IMP_REP_loan_amnt" AttributeName="METHOD" AttributeValue="STANDARDIZE"/>
<DELTA Variable="IMP_REP_longest_credit_length" AttributeName="METHOD" AttributeValue="STANDARDIZE"/>
<DELTA Variable="IMP_REP_revol_util" AttributeName="METHOD" AttributeValue="STANDARDIZE"/>
<DELTA Variable="IMP_REP_term_length" AttributeName="METHOD" AttributeValue="STANDARDIZE"/>
<DELTA Variable="IMP_REP_total_acc" AttributeName="METHOD" AttributeValue="STANDARDIZE"/>
<DELTA Variable="REP_home_ownership" AttributeName="METHOD" AttributeValue="NONE"/>
<DELTA Variable="addr_state" AttributeName="METHOD" AttributeValue="NONE"/>
<DELTA Variable="annual_inc" AttributeName="METHOD" AttributeValue="NONE"/>
<DELTA Variable="bad_loan" AttributeName="METHOD" AttributeValue="NONE"/>
<DELTA Variable="delinq_2yrs" AttributeName="METHOD" AttributeValue="NONE"/>
<DELTA Variable="dti" AttributeName="METHOD" AttributeValue="NONE"/>
<DELTA Variable="emp_length" AttributeName="METHOD" AttributeValue="NONE"/>
<DELTA Variable="home_ownership" AttributeName="METHOD" AttributeValue="NONE"/>
<DELTA Variable="int_rate" AttributeName="METHOD" AttributeValue="NONE"/>
<DELTA Variable="loan_amnt" AttributeName="METHOD" AttributeValue="NONE"/>
<DELTA Variable="longest_credit_length" AttributeName="METHOD" AttributeValue="NONE"/>
<DELTA Variable="purpose" AttributeName="METHOD" AttributeValue="NONE"/>
<DELTA Variable="revol_util" AttributeName="METHOD" AttributeValue="NONE"/>
<DELTA Variable="term_length" AttributeName="METHOD" AttributeValue="NONE"/>
<DELTA Variable="total_acc" AttributeName="METHOD" AttributeValue="NONE"/>
<DELTA Variable="verification_status" AttributeName="METHOD" AttributeValue="NONE"/>
</EmVariableAttributes>
<EmFileProperties>
<INTERACTION Type="DATA">
<Data/>
<Metadata/>
</INTERACTION>
<FORMULA Type="DATA">
<Data/>
<Metadata/>
</FORMULA>
<EMNOTES Type="EXTERNAL" Extension="txt">
<Data/>
</EMNOTES>
</EmFileProperties>
</PROPERTIES>
</NODE>
<NODE CLASS="SASHELP.EMCORE.EXTENSION.CLASS" COMPONENT="DecisionTree" ID="Tree" X="1452" Y="396" DESCRIPTION="Decision Tree" DIAGRAMID="_ROOT_" PARENTID="" TOOLTYPE="MODEL" TOOLPREFIX="Tree">
<PROPERTIES Location="CATALOG" Catalog="SASHELP.EMMODL.TREE.SOURCE" ToolType="MODEL" TrainMode="BATCH" ImportModel="N" Freeze="N" UseMultipleTarget="N" Precision="4" IntervalCriterion="PROBF" NominalCriterion="PROBCHISQ" OrdinalCriterion="ENTROPY" SigLevel="0.2" Splitsize="." LeafSize="5" MinCatSize="5" Maxbranch="2" Maxdepth="10" Nrules="5" Nsurrs="0" MissingValue="USEINSEARCH" UseVarOnce="N" SplitPrecision="4" Subtree="ASSESSMENT" NSubtree="1" AssessMeasure="MISC" AssessPercentage="0.25" NodeSample="20000" Exhaustive="5000" Kass="Y" KassApply="BEFORE" Depth="Y" Inputs="N" NumInputs="1" VarSelection="Y" Leafid="Y" NodeRole="SEGMENT" Performance="DISK" CV="N" CVNIter="10" CVRepeat="1" CVSeed="12345" ObsImportance="N" NumSingleImp="5" UseDecision="N" UsePriors="N" ClassColorBy="PERCENTCORRECT" IntColorBy="AVG" ShowNodeId="Y" ShowValid="Y" Pred="N" Target="ALL" Count="Y" ProfitLoss="NONE" PercentCorrect="N" AVG="Y" RASE="N" CreateSample="DEFAULT" SampleMethod="RANDOM" SampleSize="10000" SampleSeed="12345" ForceRun="N" RunAction="Train" Component="DecisionTree" Criterion="DEFAULT" Dummy="N" Predict="Y" ImportedTreeData="">
<VariableProperties/>
<EmVariableAttributes/>
<EmTargetAttributes>
<bad_loan>
<DecData Table="EMWS1.Tree_bad_loan_DD">
<Data>
<Obs BAD_LOAN="1" COUNT="12632" DATAPRIOR="0.1925785895" TRAINPRIOR="0.1925785895" DECPRIOR="." DECISION1="1" DECISION2="0"/>
<Obs BAD_LOAN="0" COUNT="52962" DATAPRIOR="0.8074214105" TRAINPRIOR="0.8074214105" DECPRIOR="." DECISION1="0" DECISION2="1"/>
</Data>
<Metadata>
<Variable NAME="bad_loan" LABEL="" LENGTH="32" FORMAT="" TYPE="C"/>
<Variable NAME="COUNT" LABEL="Level Counts" LENGTH="8" FORMAT="10." TYPE="N"/>
<Variable NAME="DATAPRIOR" LABEL="Data Proportions" LENGTH="8" FORMAT="" TYPE="N"/>
<Variable NAME="TRAINPRIOR" LABEL="Training Proportions" LENGTH="8" FORMAT="" TYPE="N"/>
<Variable NAME="DECPRIOR" LABEL="Decision Priors" LENGTH="8" FORMAT="" TYPE="N"/>
<Variable NAME="DECISION1" LABEL="1" LENGTH="8" FORMAT="" TYPE="N"/>
<Variable NAME="DECISION2" LABEL="0" LENGTH="8" FORMAT="" TYPE="N"/>
</Metadata>
</DecData>
<DecMeta Table="EMWS1.Tree_bad_loan_DM">
<Data>
<Obs _TYPE_="MATRIX" VARIABLE="" LABEL="" LEVEL="PROFIT" EVENT="" ORDER="" FORMAT="" TYPE="" COST="" USE="N"/>
<Obs _TYPE_="TARGET" VARIABLE="bad_loan" LABEL="" LEVEL="BINARY" EVENT="1" ORDER="" FORMAT="BEST12.0" TYPE="N" COST="" USE=""/>
<Obs _TYPE_="DECISION" VARIABLE="DECISION1" LABEL="1" LEVEL="" EVENT="" ORDER="" FORMAT="" TYPE="N" COST="" USE="Y"/>
<Obs _TYPE_="DECISION" VARIABLE="DECISION2" LABEL="0" LEVEL="" EVENT="" ORDER="" FORMAT="" TYPE="N" COST="" USE="Y"/>
<Obs _TYPE_="DATAPRIOR" VARIABLE="DATAPRIOR" LABEL="Data Prior" LEVEL="" EVENT="" ORDER="" FORMAT="" TYPE="N" COST="" USE="N"/>
<Obs _TYPE_="TRAINPRIOR" VARIABLE="TRAINPRIOR" LABEL="Training Prior" LEVEL="" EVENT="" ORDER="" FORMAT="" TYPE="N" COST="" USE="N"/>
<Obs _TYPE_="DECPRIOR" VARIABLE="DECPRIOR" LABEL="Decision Prior" LEVEL="" EVENT="" ORDER="" FORMAT="" TYPE="N" COST="" USE="N"/>
<Obs _TYPE_="PREDICTED" VARIABLE="P_bad_loan1" LABEL="Predicted: bad_loan=1" LEVEL="1" EVENT="" ORDER="" FORMAT="" TYPE="N" COST="" USE=""/>
<Obs _TYPE_="RESIDUAL" VARIABLE="R_bad_loan1" LABEL="Residual: bad_loan=1" LEVEL="1" EVENT="" ORDER="" FORMAT="" TYPE="N" COST="" USE=""/>
<Obs _TYPE_="PREDICTED" VARIABLE="P_bad_loan0" LABEL="Predicted: bad_loan=0" LEVEL="0" EVENT="" ORDER="" FORMAT="" TYPE="N" COST="" USE=""/>
<Obs _TYPE_="RESIDUAL" VARIABLE="R_bad_loan0" LABEL="Residual: bad_loan=0" LEVEL="0" EVENT="" ORDER="" FORMAT="" TYPE="N" COST="" USE=""/>
<Obs _TYPE_="FROM" VARIABLE="F_bad_loan" LABEL="From: bad_loan" LEVEL="" EVENT="" ORDER="" FORMAT="" TYPE="C" COST="" USE=""/>
<Obs _TYPE_="INTO" VARIABLE="I_bad_loan" LABEL="Into: bad_loan" LEVEL="" EVENT="" ORDER="" FORMAT="" TYPE="C" COST="" USE=""/>
</Data>
<Metadata>
<Variable NAME="_TYPE_" LABEL="Type" LENGTH="32" FORMAT="" TYPE="C"/>
<Variable NAME="VARIABLE" LABEL="Variable" LENGTH="32" FORMAT="" TYPE="C"/>
<Variable NAME="LABEL" LABEL="Label" LENGTH="256" FORMAT="" TYPE="C"/>
<Variable NAME="LEVEL" LABEL="Measurement Level" LENGTH="32" FORMAT="" TYPE="C"/>
<Variable NAME="EVENT" LABEL="Target Event" LENGTH="32" FORMAT="" TYPE="C"/>
<Variable NAME="ORDER" LABEL="Order" LENGTH="10" FORMAT="" TYPE="C"/>
<Variable NAME="FORMAT" LABEL="Format" LENGTH="32" FORMAT="" TYPE="C"/>
<Variable NAME="TYPE" LABEL="Type" LENGTH="1" FORMAT="" TYPE="C"/>
<Variable NAME="COST" LABEL="Cost" LENGTH="32" FORMAT="" TYPE="C"/>
<Variable NAME="USE" LABEL="Use" LENGTH="1" FORMAT="" TYPE="C"/>
</Metadata>
</DecMeta>
</bad_loan>
</EmTargetAttributes>
<EmFileProperties>
<USERTRAINCODE Type="EXTERNAL" Extension="sas">
<Data/>
</USERTRAINCODE>
<EMNOTES Type="EXTERNAL" Extension="txt">
<Data/>
</EMNOTES>
</EmFileProperties>
</PROPERTIES>
</NODE>
</NODES>
<CONNECTIONS>
<CONNECTION FROM="Repl" TO="Part"/>
<CONNECTION FROM="Tree" TO="MdlComp"/>
<CONNECTION FROM="Part" TO="BINNING"/>
<CONNECTION FROM="BINNING" TO="Repl2"/>
<CONNECTION FROM="Repl2" TO="Impt"/>
<CONNECTION FROM="Impt" TO="DMDB"/>
<CONNECTION FROM="Impt" TO="Trans"/>
<CONNECTION FROM="Trans" TO="DMDB2"/>
<CONNECTION FROM="Trans" TO="Reg"/>
<CONNECTION FROM="Trans" TO="LARS"/>
<CONNECTION FROM="LARS" TO="MdlComp"/>
<CONNECTION FROM="Reg" TO="MdlComp"/>
<CONNECTION FROM="MdlComp" TO="Score"/>
<CONNECTION FROM="Ids3" TO="Repl"/>
<CONNECTION FROM="Ids" TO="Score"/>
<CONNECTION FROM="Part" TO="Tree"/>
</CONNECTIONS>
<NOTES>
<DATA><![CDATA[


]]>
</DATA>
</NOTES>
</Workspace>
</_ROOT_>
